{"cameraMode":{"drawMode":0,"name":"Shaded","section":"Shading Mode"},"sceneLighting":true,"audioPlay":false,"sceneViewState":{"showFog":true,"showMaterialUpdate":false,"showSkybox":true,"showFlares":true,"showImageEffects":true,"showParticleSystems":true},"in2DMode":false,"pivot":{"x":-0.18941879272460938,"y":-111.38546752929688,"z":274.9293518066406},"rotation":{"x":-0.21780289709568025,"y":-0.02165176533162594,"z":0.004840034060180187,"w":-0.9757768511772156},"size":179.99078369140626,"orthographic":false}